[
  {
    "artifact": "voice-bits1",
    "description": "A female German unit selection voice, built from voice recordings provided by the BITS project at the Bavarian Archive of Speech Signals",
    "files": {
      "voice-bits1-5.2-data.zip": {
        "sha1": "69295a129b81a6173b696361b539f8bed03ac30e",
        "size": 262049981
      },
      "voice-bits1-5.2.jar": {
        "sha1": "258c234dae34d6da9dcf03d0513ae013c4eea35a",
        "size": 659221
      }
    },
    "gender": "female",
    "group": "de.dfki.mary",
    "language": "de",
    "license": {
      "name": "Creative Commons Attribution-NoDerivs 3.0 Unported",
      "url": "http://mary.dfki.de/download/by-nd-3.0.html"
    },
    "name": "bits1",
    "type": "unit selection",
    "version": "5.2"
  },
  {
    "artifact": "voice-bits1-hsmm",
    "description": "A female German hidden semi-Markov model voice, built from voice recordings provided by the BITS project at the Bavarian Archive of Speech Signals",
    "files": {
      "voice-bits1-hsmm-5.2.jar": {
        "sha1": "061105d5d6de29fca2473389c1eb2de82b96d36a",
        "size": 1361946
      }
    },
    "gender": "female",
    "group": "de.dfki.mary",
    "language": "de",
    "license": {
      "name": "Creative Commons Attribution-NoDerivs 3.0 Unported",
      "url": "http://mary.dfki.de/download/by-nd-3.0.html"
    },
    "name": "bits1-hsmm",
    "type": "hsmm",
    "version": "5.2"
  },
  {
    "artifact": "voice-bits2",
    "description": "A male German unit selection voice, built from voice recordings provided by the BITS project at the Bavarian Archive of Speech Signals",
    "files": {
      "voice-bits2-5.2-data.zip": {
        "sha1": "e7e0df68f7777e7910ac38b652700d800c7d0210",
        "size": 265430832
      },
      "voice-bits2-5.2.jar": {
        "sha1": "05ce8c65c52ec8f3671ad11ec30fe5faf9ab41bd",
        "size": 659337
      }
    },
    "gender": "male",
    "group": "de.dfki.mary",
    "language": "de",
    "license": {
      "name": "Creative Commons Attribution-NoDerivs 3.0 Unported",
      "url": "http://mary.dfki.de/download/by-nd-3.0.html"
    },
    "name": "bits2",
    "type": "unit selection",
    "version": "5.2"
  },
  {
    "artifact": "voice-bits3",
    "description": "A male German unit selection voice, built from voice recordings provided by the BITS project at the Bavarian Archive of Speech Signals",
    "files": {
      "voice-bits3-5.2-data.zip": {
        "sha1": "6b52d0ac567a3a83b2b41830eab0d3f9171ac639",
        "size": 269310275
      },
      "voice-bits3-5.2.jar": {
        "sha1": "7caf08d0063977d3d92f094c3c01615c5e0e177d",
        "size": 663698
      }
    },
    "gender": "male",
    "group": "de.dfki.mary",
    "language": "de",
    "license": {
      "name": "Creative Commons Attribution-NoDerivs 3.0 Unported",
      "url": "http://mary.dfki.de/download/by-nd-3.0.html"
    },
    "name": "bits3",
    "type": "unit selection",
    "version": "5.2"
  },
  {
    "artifact": "voice-bits3-hsmm",
    "description": "A male German hidden semi-Markov model voice, built from voice recordings provided by the BITS project at the Bavarian Archive of Speech Signals",
    "files": {
      "voice-bits3-hsmm-5.2.jar": {
        "sha1": "e2c8568d3a0877b75e8439ef10f4537dba72c191",
        "size": 1558269
      }
    },
    "gender": "male",
    "group": "de.dfki.mary",
    "language": "de",
    "license": {
      "name": "Creative Commons Attribution-NoDerivs 3.0 Unported",
      "url": "http://mary.dfki.de/download/by-nd-3.0.html"
    },
    "name": "bits3-hsmm",
    "type": "hsmm",
    "version": "5.2"
  },
  {
    "artifact": "voice-bits4",
    "description": "A female German unit selection voice, built from voice recordings provided by the BITS project at the Bavarian Archive of Speech Signals",
    "files": {
      "voice-bits4-5.2-data.zip": {
        "sha1": "5395378a883727273a8ad459d216870f842f528a",
        "size": 274184728
      },
      "voice-bits4-5.2.jar": {
        "sha1": "5472e136052257b276392a6151263ec5917204fa",
        "size": 659057
      }
    },
    "gender": "female",
    "group": "de.dfki.mary",
    "language": "de",
    "license": {
      "name": "Creative Commons Attribution-NoDerivs 3.0 Unported",
      "url": "http://mary.dfki.de/download/by-nd-3.0.html"
    },
    "name": "bits4",
    "type": "unit selection",
    "version": "5.2"
  },
  {
    "artifact": "voice-cmu-bdl",
    "description": "A male US English unit selection voice, built from recordings provided by Carnegie Mellon University",
    "files": {
      "voice-cmu-bdl-5.2-data.zip": {
        "sha1": "472594249531cae157aa54519730b03903a5513c",
        "size": 94939076
      },
      "voice-cmu-bdl-5.2.jar": {
        "sha1": "6476033a61f32c13a8e69ee06b68d5f71d1e13d4",
        "size": 316850
      }
    },
    "gender": "male",
    "group": "de.dfki.mary",
    "language": "en",
    "license": {
      "name": "Arctic License",
      "url": "http://mary.dfki.de/download/arctic-license.html"
    },
    "name": "cmu-bdl",
    "type": "unit selection",
    "version": "5.2"
  },
  {
    "artifact": "voice-cmu-bdl-hsmm",
    "description": "A male US English hidden semi-Markov model voice, built from recordings provided by Carnegie Mellon University",
    "files": {
      "voice-cmu-bdl-hsmm-5.2.jar": {
        "sha1": "e9ffb3b98bb71972a7a43c80db8341a828d96e87",
        "size": 1018620
      }
    },
    "gender": "male",
    "group": "de.dfki.mary",
    "language": "en",
    "license": {
      "name": "Arctic License",
      "url": "http://mary.dfki.de/download/arctic-license.html"
    },
    "name": "cmu-bdl-hsmm",
    "type": "hsmm",
    "version": "5.2"
  },
  {
    "artifact": "voice-cmu-nk-hsmm",
    "description": "A female Telugu hidden semi-Markov model voice built from voice recordings provided by IIIT Hyderabad and Carnegie Mellon University",
    "files": {
      "voice-cmu-nk-hsmm-5.2.jar": {
        "sha1": "de63b6035fab1ee46c42365eb7df1b58b1f7c3d5",
        "size": 3398491
      }
    },
    "gender": "female",
    "group": "de.dfki.mary",
    "language": "te",
    "license": {
      "name": "Creative Commons Attribution-NoDerivs 3.0 Unported",
      "url": "http://mary.dfki.de/download/by-nd-3.0.html"
    },
    "name": "cmu-nk-hsmm",
    "type": "hsmm",
    "version": "5.2"
  },
  {
    "artifact": "voice-cmu-rms",
    "description": "A male US English unit selection voice, built from recordings provided by Carnegie Mellon University",
    "files": {
      "voice-cmu-rms-5.2-data.zip": {
        "sha1": "b0b9f4545a6a08d777e0a990b62182d1f524e185",
        "size": 121188629
      },
      "voice-cmu-rms-5.2.jar": {
        "sha1": "bccf1843655691aae8be95bb3eda7f9018c1e38c",
        "size": 328196
      }
    },
    "gender": "male",
    "group": "de.dfki.mary",
    "language": "en",
    "license": {
      "name": "Arctic License",
      "url": "http://mary.dfki.de/download/arctic-license.html"
    },
    "name": "cmu-rms",
    "type": "unit selection",
    "version": "5.2"
  },
  {
    "artifact": "voice-cmu-rms-hsmm",
    "description": "A male US English hidden semi-Markov model voice, built from recordings provided by Carnegie Mellon University",
    "files": {
      "voice-cmu-rms-hsmm-5.2.jar": {
        "sha1": "5c838c084706046779948fd1c81369524bb905ca",
        "size": 1029161
      }
    },
    "gender": "male",
    "group": "de.dfki.mary",
    "language": "en",
    "license": {
      "name": "Arctic License",
      "url": "http://mary.dfki.de/download/arctic-license.html"
    },
    "name": "cmu-rms-hsmm",
    "type": "hsmm",
    "version": "5.2"
  },
  {
    "artifact": "voice-cmu-slt",
    "description": "A female English unit selection voice",
    "files": {
      "voice-cmu-slt-5.2-data.zip": {
        "sha1": "4ece4c4b8f3d6eeaaf2ac2082ab569dccc963a15",
        "size": 104319892
      },
      "voice-cmu-slt-5.2.jar": {
        "sha1": "24afca48d74dedafa0380e66f175657486e7fa61",
        "size": 319545
      }
    },
    "gender": "female",
    "group": "de.dfki.mary",
    "language": "en",
    "license": {
      "name": "Arctic License",
      "url": "http://festvox.org/cmu_arctic/cmu_arctic/cmu_us_slt_arctic/COPYING"
    },
    "name": "cmu-slt",
    "type": "unit selection",
    "version": "5.2"
  },
  {
    "artifact": "voice-cmu-slt-hsmm",
    "description": "A female US English hidden semi-Markov model voice, built from recordings provided by Carnegie Mellon University",
    "files": {
      "voice-cmu-slt-hsmm-5.2.jar": {
        "sha1": "cae0223460ab045dc2187b855b50754c483220b0",
        "size": 1242746
      }
    },
    "gender": "female",
    "group": "de.dfki.mary",
    "language": "en",
    "license": {
      "name": "Arctic License",
      "url": "http://mary.dfki.de/download/arctic-license.html"
    },
    "name": "cmu-slt-hsmm",
    "type": "hsmm",
    "version": "5.2"
  },
  {
    "artifact": "voice-dfki-obadiah",
    "description": "A male British English expressive unit selection voice: Gloomy Obadiah",
    "files": {
      "voice-dfki-obadiah-5.2-data.zip": {
        "sha1": "ff865be5859b1aa4637b345dd44f57b50e246a72",
        "size": 164782841
      },
      "voice-dfki-obadiah-5.2.jar": {
        "sha1": "997a774bd794b11dbed4d10a10ced7be911a9bf1",
        "size": 370801
      }
    },
    "gender": "male",
    "group": "de.dfki.mary",
    "language": "en",
    "license": {
      "name": "Creative Commons Attribution-NoDerivs 3.0 Unported",
      "url": "http://mary.dfki.de/download/by-nd-3.0.html"
    },
    "name": "dfki-obadiah",
    "type": "unit selection",
    "version": "5.2"
  },
  {
    "artifact": "voice-dfki-obadiah-hsmm",
    "description": "A male British English hidden semi-Markov model voice",
    "files": {
      "voice-dfki-obadiah-hsmm-5.2.jar": {
        "sha1": "1453726474864a4513115f886958cc8d4c46fd06",
        "size": 1217836
      }
    },
    "gender": "male",
    "group": "de.dfki.mary",
    "language": "en",
    "license": {
      "name": "Creative Commons Attribution-NoDerivs 3.0 Unported",
      "url": "http://mary.dfki.de/download/by-nd-3.0.html"
    },
    "name": "dfki-obadiah-hsmm",
    "type": "hsmm",
    "version": "5.2"
  },
  {
    "artifact": "voice-dfki-ot",
    "description": "A male Turkish unit selection voice",
    "files": {
      "voice-dfki-ot-5.2-data.zip": {
        "sha1": "d25b5da1ce03843cb4d74cd3eaa68bfe0a12f6bd",
        "size": 160629764
      },
      "voice-dfki-ot-5.2.jar": {
        "sha1": "0737eae337f5af0bbedb13a2966568bfdfa9ab47",
        "size": 485503
      }
    },
    "gender": "male",
    "group": "de.dfki.mary",
    "language": "tr",
    "license": {
      "name": "Creative Commons Attribution-NoDerivs 3.0 Unported",
      "url": "http://mary.dfki.de/download/by-nd-3.0.html"
    },
    "name": "dfki-ot",
    "type": "unit selection",
    "version": "5.2"
  },
  {
    "artifact": "voice-dfki-ot-hsmm",
    "description": "A male Turkish hidden semi-Markov model voice",
    "files": {
      "voice-dfki-ot-hsmm-5.2.jar": {
        "sha1": "5e40b5f2be75f3ccb1666b0e3046aaabcbc3484d",
        "size": 1367696
      }
    },
    "gender": "male",
    "group": "de.dfki.mary",
    "language": "tr",
    "license": {
      "name": "Creative Commons Attribution-NoDerivs 3.0 Unported",
      "url": "http://mary.dfki.de/download/by-nd-3.0.html"
    },
    "name": "dfki-ot-hsmm",
    "type": "hsmm",
    "version": "5.2"
  },
  {
    "artifact": "voice-dfki-pavoque-neutral",
    "description": "A male German unit selection voice",
    "files": {
      "voice-dfki-pavoque-neutral-5.2-data.zip": {
        "sha1": "866971c933370e412e5bba8f7dd2d04c1b181690",
        "size": 447625222
      },
      "voice-dfki-pavoque-neutral-5.2.jar": {
        "sha1": "c84410f52a78bd814a739defc4fcd8aaddacd476",
        "size": 1276316
      }
    },
    "gender": "male",
    "group": "de.dfki.mary",
    "language": "de",
    "license": {
      "name": "Creative Commons Attribution-NoDerivs 3.0 Unported",
      "url": "http://mary.dfki.de/download/by-nd-3.0.html"
    },
    "name": "dfki-pavoque-neutral",
    "type": "unit selection",
    "version": "5.2"
  },
  {
    "artifact": "voice-dfki-pavoque-neutral-hsmm",
    "description": "A male German hidden semi-Markov model voice",
    "files": {
      "voice-dfki-pavoque-neutral-hsmm-5.2.jar": {
        "sha1": "f0a9b2c930d6b5c14a1d8c00267f93981622abe8",
        "size": 2836276
      }
    },
    "gender": "male",
    "group": "de.dfki.mary",
    "language": "de",
    "license": {
      "name": "Creative Commons Attribution-NoDerivs 3.0 Unported",
      "url": "http://mary.dfki.de/download/by-nd-3.0.html"
    },
    "name": "dfki-pavoque-neutral-hsmm",
    "type": "hsmm",
    "version": "5.2"
  },
  {
    "artifact": "voice-dfki-pavoque-styles",
    "description": "A male German unit selection voice with expressive styles \"happy\", \"sad\", \"angry\", and \"poker\"",
    "files": {
      "voice-dfki-pavoque-styles-5.2-data.zip": {
        "sha1": "7b2ed017b4c911835119594bc69360feee40faa8",
        "size": 699032535
      },
      "voice-dfki-pavoque-styles-5.2.jar": {
        "sha1": "37dd776e0054a31d7b49dd08718ce7fd4773353a",
        "size": 1896598
      }
    },
    "gender": "male",
    "group": "de.dfki.mary",
    "language": "de",
    "license": {
      "name": "Creative Commons Attribution-NoDerivs 3.0 Unported",
      "url": "http://mary.dfki.de/download/by-nd-3.0.html"
    },
    "name": "dfki-pavoque-styles",
    "type": "unit selection",
    "version": "5.2"
  },
  {
    "artifact": "voice-dfki-poppy",
    "description": "A female British English expressive unit selection voice: Cheerful Poppy",
    "files": {
      "voice-dfki-poppy-5.2-data.zip": {
        "sha1": "1a587eba1aeb491d70e733edafd6c4c1b53b9afb",
        "size": 111676912
      },
      "voice-dfki-poppy-5.2.jar": {
        "sha1": "0cddc9a22704fead464cc62dd09ef663fdbbbe87",
        "size": 291229
      }
    },
    "gender": "female",
    "group": "de.dfki.mary",
    "language": "en",
    "license": {
      "name": "Creative Commons Attribution-NoDerivs 3.0 Unported",
      "url": "http://mary.dfki.de/download/by-nd-3.0.html"
    },
    "name": "dfki-poppy",
    "type": "unit selection",
    "version": "5.2"
  },
  {
    "artifact": "voice-dfki-poppy-hsmm",
    "description": "A female British English hidden semi-Markov model voice",
    "files": {
      "voice-dfki-poppy-hsmm-5.2.jar": {
        "sha1": "5fd22f335592e3162411e935dcaf511455abcd2a",
        "size": 1017211
      }
    },
    "gender": "female",
    "group": "de.dfki.mary",
    "language": "en",
    "license": {
      "name": "Creative Commons Attribution-NoDerivs 3.0 Unported",
      "url": "http://mary.dfki.de/download/by-nd-3.0.html"
    },
    "name": "dfki-poppy-hsmm",
    "type": "hsmm",
    "version": "5.2"
  },
  {
    "artifact": "voice-dfki-prudence",
    "description": "A female British English expressive unit selection voice: Pragmatic Prudence",
    "files": {
      "voice-dfki-prudence-5.2-data.zip": {
        "sha1": "db5f59b47c42a3b36b0aaeda6b951946f9c5b317",
        "size": 293074901
      },
      "voice-dfki-prudence-5.2.jar": {
        "sha1": "8f00792fbf2634991f8585c6c3180cc04e0ea379",
        "size": 679996
      }
    },
    "gender": "female",
    "group": "de.dfki.mary",
    "language": "en",
    "license": {
      "name": "Creative Commons Attribution-NoDerivs 3.0 Unported",
      "url": "http://mary.dfki.de/download/by-nd-3.0.html"
    },
    "name": "dfki-prudence",
    "type": "unit selection",
    "version": "5.2"
  },
  {
    "artifact": "voice-dfki-prudence-hsmm",
    "description": "A female British English hidden semi-Markov model voice",
    "files": {
      "voice-dfki-prudence-hsmm-5.2.jar": {
        "sha1": "b8d39bba3655cf7788b7089e6d44a49f2b610cdd",
        "size": 1561875
      }
    },
    "gender": "female",
    "group": "de.dfki.mary",
    "language": "en",
    "license": {
      "name": "Creative Commons Attribution-NoDerivs 3.0 Unported",
      "url": "http://mary.dfki.de/download/by-nd-3.0.html"
    },
    "name": "dfki-prudence-hsmm",
    "type": "hsmm",
    "version": "5.2"
  },
  {
    "artifact": "voice-dfki-spike",
    "description": "A male British English expressive unit selection voice: Aggressive Spike",
    "files": {
      "voice-dfki-spike-5.2-data.zip": {
        "sha1": "3413eac7704a1ba15c978f66604fa82dc43ae465",
        "size": 163581703
      },
      "voice-dfki-spike-5.2.jar": {
        "sha1": "7d79ef51a8344bda99964074ed246025e215139a",
        "size": 412012
      }
    },
    "gender": "male",
    "group": "de.dfki.mary",
    "language": "en",
    "license": {
      "name": "Creative Commons Attribution-NoDerivs 3.0 Unported",
      "url": "http://mary.dfki.de/download/by-nd-3.0.html"
    },
    "name": "dfki-spike",
    "type": "unit selection",
    "version": "5.2"
  },
  {
    "artifact": "voice-dfki-spike-hsmm",
    "description": "A male British English hidden semi-Markov model voice",
    "files": {
      "voice-dfki-spike-hsmm-5.2.jar": {
        "sha1": "90974fb054e2835b8029b1fb5984624d8fc124f8",
        "size": 1084844
      }
    },
    "gender": "male",
    "group": "de.dfki.mary",
    "language": "en",
    "license": {
      "name": "Creative Commons Attribution-NoDerivs 3.0 Unported",
      "url": "http://mary.dfki.de/download/by-nd-3.0.html"
    },
    "name": "dfki-spike-hsmm",
    "type": "hsmm",
    "version": "5.2"
  },
  {
    "artifact": "voice-enst-camille",
    "description": "A female French unit selection voice, built at T\u00e9l\u00e9com ParisTech (ENST) using data recorded by Camille Dianoux",
    "files": {
      "voice-enst-camille-5.2-data.zip": {
        "sha1": "833ffa49fe783d560073eb654f7d1bafb40c510b",
        "size": 213808674
      },
      "voice-enst-camille-5.2.jar": {
        "sha1": "657744742126b4d3a65a1a0e981da0634787f8fc",
        "size": 453741
      }
    },
    "gender": "female",
    "group": "de.dfki.mary",
    "language": "fr",
    "license": {
      "name": "Creative Commons Attribution-ShareAlike 3.0 Unported",
      "url": "http://mary.dfki.de/download/by-sa-3.0.html"
    },
    "name": "enst-camille",
    "type": "unit selection",
    "version": "5.2"
  },
  {
    "artifact": "voice-enst-camille-hsmm",
    "description": "A female French hidden semi-Markov model voice, built at T\u00e9l\u00e9com ParisTech (ENST) using data recorded by Camille Dianoux",
    "files": {
      "voice-enst-camille-hsmm-5.2.jar": {
        "sha1": "2b47b9145b8deb54c897b64ecd59e309f1e443f4",
        "size": 1520141
      }
    },
    "gender": "female",
    "group": "de.dfki.mary",
    "language": "fr",
    "license": {
      "name": "Creative Commons Attribution-ShareAlike 3.0 Unported",
      "url": "http://mary.dfki.de/download/by-sa-3.0.html"
    },
    "name": "enst-camille-hsmm",
    "type": "hsmm",
    "version": "5.2"
  },
  {
    "artifact": "voice-enst-dennys-hsmm",
    "description": "A male Qu\u00e9b\u00e9cois French hidden semi-Markov model voice, built at T\u00e9l\u00e9com ParisTech (ENST)",
    "files": {
      "voice-enst-dennys-hsmm-5.2.jar": {
        "sha1": "ea5f31dcb5b55988edc56c063274e48b32a0a5d7",
        "size": 1677900
      }
    },
    "gender": "male",
    "group": "de.dfki.mary",
    "language": "fr",
    "license": {
      "name": "Creative Commons Attribution-NoDerivs 3.0 Unported",
      "url": "http://mary.dfki.de/download/by-nd-3.0.html"
    },
    "name": "enst-dennys-hsmm",
    "type": "hsmm",
    "version": "5.2"
  },
  {
    "artifact": "voice-istc-lucia-hsmm",
    "description": "Italian female Hidden semi-Markov model voice kindly made available by Fabio Tesser",
    "files": {
      "voice-istc-lucia-hsmm-5.2.jar": {
        "sha1": "bfe7459c4777eda09e98a811a7895e69a2c55e02",
        "size": 1468104
      }
    },
    "gender": "female",
    "group": "de.dfki.mary",
    "language": "it",
    "license": {
      "name": "Creative Commons Attribution-NoDerivs 3.0 Unported",
      "url": "http://mary.dfki.de/download/by-nd-3.0.html"
    },
    "name": "istc-lucia-hsmm",
    "type": "hsmm",
    "version": "5.2"
  },
  {
    "artifact": "voice-marylux-lb",
    "description": "A female Luxembourgish unit selection voice",
    "files": {
      "voice-marylux-lb-5.2-data.zip": {
        "sha1": "946d559db837f70252963ace71b8e0b85e20e4c8",
        "size": 118011742
      },
      "voice-marylux-lb-5.2.jar": {
        "sha1": "1efb7cfea0b7cd422a1672fe53755f622fcbd38b",
        "size": 424188
      }
    },
    "gender": "female",
    "group": "de.dfki.mary",
    "language": "lb",
    "license": {
      "name": "Creative Commons Attribution-NonCommercial-ShareAlike 4.0 International",
      "url": "https://creativecommons.org/licenses/by-nc-sa/4.0/"
    },
    "name": "marylux",
    "type": "unit selection",
    "version": "5.2"
  },
  {
    "artifact": "voice-upmc-jessica",
    "description": "A female French unit selection voice, built at ISIR (UPMC) using data recorded by Jessica Durand",
    "files": {
      "voice-upmc-jessica-5.2-data.zip": {
        "sha1": "2ee027d07b7cd946df3ed9ea7cd83715ff53375c",
        "size": 151090617
      },
      "voice-upmc-jessica-5.2.jar": {
        "sha1": "fc329e6c7162e536c1b3bd02ba5b657421697f7e",
        "size": 328698
      }
    },
    "gender": "female",
    "group": "de.dfki.mary",
    "language": "fr",
    "license": {
      "name": "Creative Commons Attribution-ShareAlike 3.0 Unported",
      "url": "http://mary.dfki.de/download/by-sa-3.0.html"
    },
    "name": "upmc-jessica",
    "type": "unit selection",
    "version": "5.2"
  },
  {
    "artifact": "voice-upmc-jessica-hsmm",
    "description": "A female French hidden semi-Markov model voice, built at ISIR (UPMC) using data recorded by Jessica Durand",
    "files": {
      "voice-upmc-jessica-hsmm-5.2.jar": {
        "sha1": "a8c8b469292de8711d87309eb3612f095986f131",
        "size": 1120560
      }
    },
    "gender": "female",
    "group": "de.dfki.mary",
    "language": "fr",
    "license": {
      "name": "Creative Commons Attribution-ShareAlike 3.0 Unported",
      "url": "http://mary.dfki.de/download/by-sa-3.0.html"
    },
    "name": "upmc-jessica-hsmm",
    "type": "hsmm",
    "version": "5.2"
  },
  {
    "artifact": "voice-upmc-pierre",
    "description": "A male French unit selection voice, built at ISIR (UPMC) using data recorded by Pierre Chauvin",
    "files": {
      "voice-upmc-pierre-5.2-data.zip": {
        "sha1": "123a93fc8bfad26ec63fbe4de21c3f8e4fb365d0",
        "size": 205971025
      },
      "voice-upmc-pierre-5.2.jar": {
        "sha1": "3faa33d9b1cb8cc8a7696ae40592378c22f3956a",
        "size": 451882
      }
    },
    "gender": "male",
    "group": "de.dfki.mary",
    "language": "fr",
    "license": {
      "name": "Creative Commons Attribution-ShareAlike 3.0 Unported",
      "url": "http://mary.dfki.de/download/by-sa-3.0.html"
    },
    "name": "upmc-pierre",
    "type": "unit selection",
    "version": "5.2"
  },
  {
    "artifact": "voice-upmc-pierre-hsmm",
    "description": "A male French hidden semi-Markov model voice, built at ISIR (UPMC) using data recorded by Pierre Chauvin",
    "files": {
      "voice-upmc-pierre-hsmm-5.2.jar": {
        "sha1": "ef6a9a6a5b5972c441790cb64c3f58e563e165c6",
        "size": 1558945
      }
    },
    "gender": "male",
    "group": "de.dfki.mary",
    "language": "fr",
    "license": {
      "name": "Creative Commons Attribution-ShareAlike 3.0 Unported",
      "url": "http://mary.dfki.de/download/by-sa-3.0.html"
    },
    "name": "upmc-pierre-hsmm",
    "type": "hsmm",
    "version": "5.2"
  }
]